-- MySQL dump 10.13  Distrib 8.0.17, for Linux (x86_64)
--
-- Host: localhost    Database: mww
-- ------------------------------------------------------
-- Server version	8.0.17

/*!40101 SET @OLD_CHARACTER_SET_CLIENT=@@CHARACTER_SET_CLIENT */;
/*!40101 SET @OLD_CHARACTER_SET_RESULTS=@@CHARACTER_SET_RESULTS */;
/*!40101 SET @OLD_COLLATION_CONNECTION=@@COLLATION_CONNECTION */;
/*!50503 SET NAMES utf8mb4 */;
/*!40103 SET @OLD_TIME_ZONE=@@TIME_ZONE */;
/*!40103 SET TIME_ZONE='+00:00' */;
/*!40014 SET @OLD_UNIQUE_CHECKS=@@UNIQUE_CHECKS, UNIQUE_CHECKS=0 */;
/*!40014 SET @OLD_FOREIGN_KEY_CHECKS=@@FOREIGN_KEY_CHECKS, FOREIGN_KEY_CHECKS=0 */;
/*!40101 SET @OLD_SQL_MODE=@@SQL_MODE, SQL_MODE='NO_AUTO_VALUE_ON_ZERO' */;
/*!40111 SET @OLD_SQL_NOTES=@@SQL_NOTES, SQL_NOTES=0 */;

--
-- Table structure for table `action`
--

DROP TABLE IF EXISTS `action`;
/*!40101 SET @saved_cs_client     = @@character_set_client */;
/*!50503 SET character_set_client = utf8mb4 */;
CREATE TABLE `action` (
  `id` int(11) NOT NULL AUTO_INCREMENT,
  `area_id` int(11) NOT NULL,
  `week` varchar(255) CHARACTER SET utf8mb4 COLLATE utf8mb4_unicode_ci NOT NULL,
  `date` datetime NOT NULL,
  `due_date` datetime NOT NULL,
  `photo_before` json DEFAULT NULL,
  `photo_after` varchar(255) CHARACTER SET utf8mb4 COLLATE utf8mb4_unicode_ci DEFAULT NULL,
  `created_at` datetime NOT NULL COMMENT '(DC2Type:datetime_immutable)',
  `updated_at` datetime NOT NULL COMMENT '(DC2Type:datetime_immutable)',
  `finding` varchar(255) CHARACTER SET utf8mb4 COLLATE utf8mb4_unicode_ci NOT NULL,
  `description` varchar(255) CHARACTER SET utf8mb4 COLLATE utf8mb4_unicode_ci NOT NULL,
  `status` int(11) DEFAULT NULL,
  `validation_description` longtext COLLATE utf8mb4_unicode_ci,
  PRIMARY KEY (`id`),
  KEY `IDX_47CC8C92BD0F409C` (`area_id`),
  CONSTRAINT `FK_47CC8C92BD0F409C` FOREIGN KEY (`area_id`) REFERENCES `area` (`id`)
) ENGINE=InnoDB AUTO_INCREMENT=35 DEFAULT CHARSET=utf8mb4 COLLATE=utf8mb4_unicode_ci;
/*!40101 SET character_set_client = @saved_cs_client */;

--
-- Dumping data for table `action`
--

LOCK TABLES `action` WRITE;
/*!40000 ALTER TABLE `action` DISABLE KEYS */;
INSERT INTO `action` VALUES (1,4,'CW01','2022-03-01 00:00:00','2022-03-05 00:00:00',NULL,NULL,'2022-03-15 07:36:27','2022-03-22 10:56:46','AAAA','ff',NULL,NULL),(2,2,'QSD','2022-03-03 00:00:00','2022-03-11 00:00:00',NULL,NULL,'2022-03-15 07:38:06','2022-03-15 09:05:57','QSDFGHJdd','e',NULL,NULL),(3,1,'a','2022-03-01 00:00:00','2022-03-15 00:00:00',NULL,NULL,'2022-03-15 11:44:13','2022-03-15 11:44:13','a','a',NULL,NULL),(4,3,'CW01','2022-03-01 00:00:00','2022-03-01 00:00:00',NULL,NULL,'2022-03-22 10:58:53','2022-03-22 10:58:53','777','fffffff',NULL,NULL),(5,1,'CW 16','2022-04-21 01:59:18','2022-04-28 23:00:00',NULL,NULL,'2022-04-21 01:59:35','2022-04-21 01:59:35','tt','tt',NULL,NULL),(6,1,'CW 16','2022-04-21 02:51:23','2022-04-29 23:00:00',NULL,NULL,'2022-04-21 02:53:02','2022-04-21 02:53:02','tt','tt',NULL,NULL),(7,1,'CW 19','2022-05-11 07:32:13','2022-05-18 23:00:00',NULL,NULL,'2022-05-11 07:33:12','2022-05-11 07:33:12','tt','tt',NULL,NULL),(8,1,'CW 19','2022-05-11 07:32:13','2022-05-18 23:00:00',NULL,NULL,'2022-05-11 07:33:18','2022-05-11 07:33:18','tt','tt',NULL,NULL),(9,1,'CW 19','2022-05-11 07:45:28','2022-05-18 23:00:00',NULL,NULL,'2022-05-11 07:46:01','2022-05-11 07:46:01','tt','tt',NULL,NULL),(10,1,'CW 19','2022-05-11 07:45:28','2022-05-18 23:00:00',NULL,NULL,'2022-05-11 07:46:06','2022-05-11 07:46:06','tt','tt',NULL,NULL),(11,1,'CW 19','2022-05-12 20:21:49','2022-05-19 23:00:00',NULL,NULL,'2022-05-12 20:22:38','2022-05-12 20:22:38','tt','tt',NULL,NULL),(12,1,'CW 19','2022-05-12 21:50:46','2022-05-18 23:00:00',NULL,NULL,'2022-05-12 21:52:54','2022-05-12 21:52:54','tt','tt',NULL,NULL),(13,6,'CW 19','2022-05-12 21:57:12','2022-05-19 23:00:00',NULL,NULL,'2022-05-12 21:57:50','2022-05-12 21:57:50','tt','tt',NULL,NULL),(14,1,'CW 19','2022-05-12 21:58:35','2022-05-19 23:00:00',NULL,NULL,'2022-05-12 21:59:02','2022-05-12 21:59:02','tt','tt',NULL,NULL),(15,1,'CW 19','2022-05-12 21:59:14','2022-05-18 23:00:00',NULL,NULL,'2022-05-12 21:59:41','2022-05-12 21:59:41','tt','tt',NULL,NULL),(16,1,'CW 19','2022-05-12 22:41:28','2022-05-18 23:00:00',NULL,NULL,'2022-05-12 22:42:05','2022-05-12 22:42:05','tt','tt',NULL,NULL),(17,1,'CW 19','2022-05-12 22:42:40','2022-05-12 23:00:00',NULL,NULL,'2022-05-12 22:42:56','2022-05-12 22:42:56','tt','tt',NULL,NULL),(18,7,'CW 19','2022-05-12 22:43:32','2022-05-19 23:00:00',NULL,NULL,'2022-05-12 22:43:52','2022-05-12 22:43:52','tt','tt',NULL,NULL),(19,1,'CW 19','2022-05-12 22:44:24','2022-05-18 23:00:00',NULL,NULL,'2022-05-12 22:44:44','2022-05-12 22:44:44','tt','tt',NULL,NULL),(20,1,'CW 19','2022-05-12 22:45:13','2022-05-25 23:00:00',NULL,NULL,'2022-05-12 22:45:46','2022-05-12 22:45:46','tt','tt',NULL,NULL),(21,1,'CW 19','2022-05-12 22:50:27','2022-05-19 23:00:00',NULL,NULL,'2022-05-12 22:50:55','2022-05-12 22:50:55','tt','tt',NULL,NULL),(22,1,'CW 19','2022-05-12 22:55:22','2022-05-19 23:00:00',NULL,NULL,'2022-05-12 22:55:41','2022-05-12 22:55:41','tt','tt',NULL,NULL),(23,1,'CW 19','2022-05-12 22:57:19','2022-05-18 23:00:00',NULL,NULL,'2022-05-12 22:57:43','2022-05-12 22:57:43','tt','tt',NULL,NULL),(24,1,'superman','2022-05-19 23:00:00','2022-05-19 23:00:00',NULL,NULL,'2022-05-13 00:16:24','2022-05-13 00:16:24','superman','superman',NULL,NULL),(25,1,'CW 19','2022-05-13 00:31:24','2022-05-26 23:00:00',NULL,NULL,'2022-05-13 00:34:56','2022-05-13 00:34:56','tt','tt',NULL,NULL),(26,1,'CW 19','2022-05-13 00:31:24','2022-05-26 23:00:00',NULL,NULL,'2022-05-13 00:37:12','2022-05-13 00:37:12','tt','tt',NULL,NULL),(27,1,'CW 19','2022-05-14 10:39:06','2022-05-19 23:00:00',NULL,NULL,'2022-05-14 10:41:42','2022-05-14 10:41:42','tt','tt',NULL,NULL),(28,1,'CW 19','2022-05-14 10:39:06','2022-05-19 23:00:00',NULL,NULL,'2022-05-14 10:56:30','2022-05-14 10:56:30','tt','tt',NULL,NULL),(29,1,'CW 19','2022-05-14 11:04:41','2022-05-25 23:00:00','[\"c90bee5b-0721-47ac-9f87-fa7c23e0ec14-627f8eb29fcf4.png\", \"f8d5306e-4579-45f4-8778-b5f8bcbe10a1-627f8eb2a0020.png\"]',NULL,'2022-05-14 11:12:50','2022-05-14 11:12:50','tt','tt',25,NULL),(30,1,'CW 19','2022-05-14 11:04:41','2022-05-25 23:00:00','[\"c90bee5b-0721-47ac-9f87-fa7c23e0ec14-627f9a5589e4d.png\", \"f8d5306e-4579-45f4-8778-b5f8bcbe10a1-627f9a558a416.png\"]','[\"467e5920-a054-4c0c-8469-a894bd3bf91c-627ff035cee1e.png\"]','2022-05-14 12:02:29','2022-05-14 18:08:53','tt','tt',50,'ttt'),(31,1,'CW 19','2022-05-14 12:45:18','2022-05-23 23:00:00','[\"08c972fc-5097-412b-bf40-7c26c3197cb2-627fa6e03001e.png\"]',NULL,'2022-05-14 12:56:00','2022-05-14 12:56:00','tt','tt',25,NULL),(32,1,'CW 19','2022-05-14 20:08:08','2022-05-24 23:00:00','[\"6ff540b7-66f2-449c-879a-90588b4866df-62800c5753cfa.png\"]',NULL,'2022-05-14 20:08:55','2022-05-14 20:08:55','tt12','tt12',25,NULL),(33,1,'CW 19','2022-05-14 20:08:08','2022-05-24 23:00:00','[\"6ff540b7-66f2-449c-879a-90588b4866df-62800c629bbcf.png\"]','[\"2126c1c5-63f8-4bc4-8287-cf55d62f2c0d-62800da7ad709.png\"]','2022-05-14 20:09:06','2022-05-14 20:14:31','tt12','tt12',50,'yalla niggaa'),(34,3,'CW 19','2022-05-14 20:18:05','2022-05-26 23:00:00','[\"4cadf9cd-bb6f-4c31-851d-2a4711bdc397-62800eac5372b.png\"]','[\"1e98a1a3-3254-49ec-99e1-cc8744d003aa-62800ef96cac3.png\"]','2022-05-14 20:18:52','2022-05-14 21:05:57','pb18','probleme 18',100,'corrected');
/*!40000 ALTER TABLE `action` ENABLE KEYS */;
UNLOCK TABLES;

--
-- Table structure for table `area`
--

DROP TABLE IF EXISTS `area`;
/*!40101 SET @saved_cs_client     = @@character_set_client */;
/*!50503 SET character_set_client = utf8mb4 */;
CREATE TABLE `area` (
  `id` int(11) NOT NULL AUTO_INCREMENT,
  `unit_id` int(11) DEFAULT NULL,
  `ref` varchar(255) CHARACTER SET utf8mb4 COLLATE utf8mb4_unicode_ci NOT NULL,
  `name` varchar(255) CHARACTER SET utf8mb4 COLLATE utf8mb4_unicode_ci NOT NULL,
  `created_at` datetime DEFAULT NULL,
  `updated_at` datetime DEFAULT NULL,
  PRIMARY KEY (`id`),
  KEY `IDX_D7943D68F8BD700D` (`unit_id`),
  CONSTRAINT `FK_D7943D68F8BD700D` FOREIGN KEY (`unit_id`) REFERENCES `unit` (`id`)
) ENGINE=InnoDB AUTO_INCREMENT=59 DEFAULT CHARSET=utf8mb4 COLLATE=utf8mb4_unicode_ci;
/*!40101 SET character_set_client = @saved_cs_client */;

--
-- Dumping data for table `area`
--

LOCK TABLES `area` WRITE;
/*!40000 ALTER TABLE `area` DISABLE KEYS */;
INSERT INTO `area` VALUES (1,1,'OPT7-Z01','SMT Lines',NULL,NULL),(2,1,'OPT7-Z02','SMT annexe : Milling, Coating, ICT, Action-Pin',NULL,NULL),(3,1,'OPT7-Z03','THT, Découpage, Assemblage, vide',NULL,NULL),(4,1,'OPT7-Z04','Salle de lavage, Maintenance',NULL,NULL),(5,1,'OPT7-Z05','Salle d\'analyse',NULL,NULL),(6,2,'OPT9-Z01','Bureau QUA & Maint, Triage',NULL,NULL),(7,2,'OPT9-Z02','Maintenance & Magasin moules',NULL,NULL),(8,2,'OPT9-Z03','Parc 1',NULL,NULL),(9,2,'OPT9-Z04','Parc 2',NULL,NULL),(10,2,'OPT9-Z05','Parc 3',NULL,NULL),(11,2,'OPT9-Z06','Réception matière, Mixing et Emballage',NULL,NULL),(12,3,'OPH1-Z01','3525_F-MUX Climate Panel_PSA&nbsp;   3526_F-MUX Central Panel_RCCNAC_PSA&nbsp;  3526_F-MUX Central Panel_RD6_PSA',NULL,NULL),(13,3,'OPH1-Z02','3587_ACOS_RENAULT 3214_Park Break Lever_DAIMLER TRUCK BG_Laserbeschriftung',NULL,NULL),(14,3,'OPH1-Z03','<div>3572_Driver Modul_RENAULT 3494_SWS phase II_AUTOLIV 3494_SWS_AUTOLIV 03214.38xx Electrical park brake switch HCU WABCO</div>',NULL,NULL),(15,3,'OPH1-Z04','3102/3213_HFS_MERCEDES-BENZ 3213_Start-Stop Taste_RENAULT 3321_TBF 3227_AT-Indicator_RENAULT',NULL,NULL),(16,3,'OPH1-Z05','3207/3213_AHV Switch_BMW 3448_Tip-Tronik_AUTOLIV 3316_SST_MERCEDES-BENZ 3214.380x_Electronic Parking brake HCU_KNORR BREMSE 4201_Control Panel Willi_div. Customer Zone_Marquage',NULL,NULL),(17,3,'OPH1-Z06','3557_BMC Push Panel_PSA 3556_BMC Rocker Switch_PSA',NULL,NULL),(18,4,'OPM-Z01','a',NULL,NULL),(19,4,'OPM-Z02','Assembly_2067.310x-330x_Emotion                                               Assembly_1048_Snap Action Switch        Assembly_2048.3101_Snap Action Switch  Assembly_2060.120x_Powder Detec.Sensor Colt',NULL,NULL),(20,4,'OPM-Z03','Assembly_1093_Snap Action Switch             Assembly_2060.140x_Switch Application',NULL,NULL),(21,4,'OPM-Z04','a',NULL,NULL),(22,4,'OPM-Z05','Assembly_2800_Huckleberry/Tom Sawyer  Assembly_2048.2101_Snap Action Switch                  Assembly_2085_Power Tool Switch                    Assembly_1703_Appliance Switch',NULL,NULL),(23,4,'OPM-Z06','Assembly_2074.810x_Electronic sub-Assmb.      Assembly_2267.30_Power Tool Switch  Assembly_2701/2703_Power Tool Switch      Assembly_2709_Power Tool Switch        Assembly_1552_Appliance Switch Remote-off',NULL,NULL),(24,4,'OPM-Z07','Assembly_2100_Power Tool Switch           Assembly_1858_Appliance Switch            Assembly_1858_Appliance Switch',NULL,NULL),(25,4,'OPM-Z08','Assembly_2080_Power Tool Switch    Assembly_1801/1803_Appl.Switch Autom.  Assembly_6425_Button         Assembly_6450_Button       Assembly_1801/1803_Appl. Switch Man.     Assembly_6425_Button',NULL,NULL),(26,4,'OPM-Z09','Assembly_2063.210x_Door Sensor Sahara Assembly_1802/1804_Appl.Switch Autom.                  Assembly_1802-1842_Appl.Switch Man. Assmb.  Assembly_1802/1804_Appl. Switch Man.            Assembly_1802-1842_Appl.Switch Man. Assmb.',NULL,NULL),(27,4,'OPM-Z10','Assembly_2066.21xx_Pressure Sensor',NULL,NULL),(28,4,'OPM-Z11','Assembly_2066_Pressure Sensor Sinus',NULL,NULL),(29,4,'OPM-Z12','Assembly_3250/3251_NASS                                  Assembly_3271_Roof Switch',NULL,NULL),(30,4,'OPM-Z13','Assembly_2016.1101/1102_Slider',NULL,NULL),(31,4,'OPM-Z14','Assembly_1004/5_S-Action Switch H-Stamp Aut',NULL,NULL),(32,4,'OPM-Z15','Assembly_2061.2104_Flow Sensor Flip',NULL,NULL),(33,4,'OPM-Z16','Assembly_4200.0101_Dosing Pump IDOS-I',NULL,NULL),(34,4,'OPM-Z17','Assembly_307.x Kontaktträger vollst. 1267  Assembly_1267_Power Tool Switch',NULL,NULL),(35,4,'OPM-Z18','Assembly_2078.63_Walkman                                    Assembly_2078.65_Vulkan RU2                       Assembly_2078.66_Vulkan                                Assembly_2078.64_Vulkan MK3',NULL,NULL),(36,4,'OPM-Z19','Assembly_3585_E-Lock Phönix                       Assembly_1691_Appliance Switch',NULL,NULL),(37,4,'OPM-Z20','Assembly_1062/1068',NULL,NULL),(38,4,'OPM-Z21','a',NULL,NULL),(39,4,'OPM-Z22','Assembly_2600_Power Tool Switch                         Assembly_2602_Power Tool Switch',NULL,NULL),(40,4,'OPM-Z23','Assembly_1014_Snap Action Switch',NULL,NULL),(41,4,'OPM-Z24','3240/3261_Panel Switch_SCANIA 3203/3230/3237_Panel Switch_div. Customer',NULL,NULL),(42,4,'OPM-Z25','3244_SFTP Signal Switch_DAIMLER TRUCK',NULL,NULL),(43,4,'OPM-Z26','Assembly_3245/3247_Flex Rocker Switch',NULL,NULL),(44,4,'OPM-Z27','Assembly_2046.530x_EDW',NULL,NULL),(45,4,'OPM-Z28','Assembly_3220_Headlight Range Control',NULL,NULL),(46,4,'OPM-Z29','Assembly_3209_Rocker Switch',NULL,NULL),(47,4,'OPM-Z30','Partie gauche du couloir principal',NULL,NULL),(48,4,'OPM-Z31','Partie droite du couloir principal',NULL,NULL),(49,5,'LO-Z01','Import',NULL,NULL),(50,5,'LO-Z02','Export',NULL,NULL),(51,5,'LO-Z03','Magasin',NULL,NULL),(52,5,'LO-Z04','Magasin consommables/dangereux',NULL,NULL);
/*!40000 ALTER TABLE `area` ENABLE KEYS */;
UNLOCK TABLES;

--
-- Table structure for table `resp`
--

DROP TABLE IF EXISTS `resp`;
/*!40101 SET @saved_cs_client     = @@character_set_client */;
/*!50503 SET character_set_client = utf8mb4 */;
CREATE TABLE `resp` (
  `id` int(11) NOT NULL AUTO_INCREMENT,
  `ref` varchar(255) CHARACTER SET utf8mb4 COLLATE utf8mb4_unicode_ci NOT NULL,
  `name` varchar(255) CHARACTER SET utf8mb4 COLLATE utf8mb4_unicode_ci NOT NULL,
  `mail` varchar(255) CHARACTER SET utf8mb4 COLLATE utf8mb4_unicode_ci NOT NULL,
  `areas_id` int(11) DEFAULT NULL,
  `units_id` int(11) DEFAULT NULL,
  `sections_id` int(11) DEFAULT NULL,
  `manager` tinyint(1) NOT NULL,
  PRIMARY KEY (`id`),
  KEY `IDX_FA79E5C91E756D0A` (`areas_id`),
  KEY `IDX_FA79E5C999387CE8` (`units_id`),
  KEY `IDX_FA79E5C9577906E4` (`sections_id`),
  CONSTRAINT `FK_FA79E5C91E756D0A` FOREIGN KEY (`areas_id`) REFERENCES `area` (`id`),
  CONSTRAINT `FK_FA79E5C9577906E4` FOREIGN KEY (`sections_id`) REFERENCES `section` (`id`),
  CONSTRAINT `FK_FA79E5C999387CE8` FOREIGN KEY (`units_id`) REFERENCES `unit` (`id`)
) ENGINE=InnoDB AUTO_INCREMENT=176 DEFAULT CHARSET=utf8mb4 COLLATE=utf8mb4_unicode_ci;
/*!40101 SET character_set_client = @saved_cs_client */;

--
-- Dumping data for table `resp`
--

LOCK TABLES `resp` WRITE;
/*!40000 ALTER TABLE `resp` DISABLE KEYS */;
INSERT INTO `resp` VALUES (1,'T10203','KAANICH LASSAAD','LASSAAD.KAANICH@MARQUARDT.COM',NULL,6,1,1),(2,'T10349','WHIBI LAMJED','LAMJED.WHIBI@MARQUARDT.COM',NULL,3,1,0),(3,'T10765','SLITI SABER','SABER.SLITI@MARQUARDT.COM',NULL,3,1,0),(4,'T10938','BEN GHANEM RYM','RYM.BENGHANEM@MARQUARDT.COM',NULL,3,1,0),(5,'T10163','NEILI MAJDI','MAJDI.NEILI@MARQUARDT.COM',NULL,3,1,0),(6,'T10186','LAZRAK SAIDA','SAIDA.LAZRAK@MARQUARDT.COM',NULL,3,1,0),(7,'T10391','BOUJELBEN MOEZ','MOEZ.BOUJELBEN@MARQUARDT.COM',NULL,3,1,1),(8,'MD6255','TOUITI RIM','RIM.TOUITI@MARQUARDT.COM',NULL,3,1,0),(9,'T10885','KORDI ABDELHADI','ABDELHADI.KORDI@MARQUARDT.COM',NULL,3,1,0),(10,'T11139','JOUINI HIBA','HIBA.JOUINI@MARQUARDT.COM',NULL,3,1,0),(11,'T11143','MOKRANI MAHMOUD','MAHMOUD.MOKRANI@MARQUARDT.COM',NULL,3,1,0),(12,'T11040','AMAMOU AKRAM','AKRAM.AMAMOU@MARQUARDT.COM',NULL,3,1,0),(13,'MD8750','GUESMI HAMDI','HAMDI.GUESMI@MARQUARDT.COM',NULL,3,1,0),(14,'MD9024','ZANAGUI RAFIK','RAFIK.ZANAGUI@MARQUARDT.COM',NULL,3,1,0),(15,'T11147','EL ASKRI GHAITH ALAH','GHAITHALAH.ELASKRI@MARQUARDT.COM',NULL,3,1,0),(16,'T10874','SELMI NACER','NACER.SELMI@MARQUARDT.COM',NULL,3,1,0),(17,'T10888','AYARI ABDELAZIZ','ABDELAZIZ.AYARI@MARQUARDT.COM',NULL,3,1,1),(18,'T10967','SAYARI MARWEN','MARWEN.SAYARI@MARQUARDT.COM',NULL,3,1,0),(19,'T11058','FAZAI NIZAR','NIZAR.FAZAI@MARQUARDT.COM',NULL,3,1,0),(20,'T11148','OUERGHI RABIE','RABIE.OUERGHI@MARQUARDT.COM',NULL,3,1,0),(21,'T10247','NAHALI AHMED','AHMED.NAHALI@MARQUARDT.COM',NULL,3,1,1),(22,'T10777','YAKOUBI SAFOUAN','SAFOUAN.YAKOUBI@MARQUARDT.COM',NULL,3,1,0),(23,'T10899','BOUBAKER MAROUEN','MAROUEN.BOUBAKER@MARQUARDT.COM',NULL,3,1,0),(24,'T11010','GRAMI BASSAM','BASSAM.GRAMI@MARQUARDT.COM',NULL,3,1,0),(25,'T11102','SAFI RAFIK','RAFIK.SAFI@MARQUARDT.COM',NULL,3,1,0),(26,'T11117','RAJHI AYOUB','AYOUB.RAJHI@MARQUARDT.COM',NULL,3,1,0),(27,'T11135','BOUKADIDA MAJED','MAJED.BOUKADIDA@MARQUARDT.COM',NULL,3,1,0),(28,'T10900','KHALED OMAR','OMAR.KHALED@MARQUARDT.COM',NULL,3,1,1),(29,'T10963','AMIRI EMNA','EMNA.AMIRI@MARQUARDT.COM',NULL,3,1,1),(30,'T11067','BECH HAMBA ZEINEB','ZEINEB.BECHHAMBA@MARQUARDT.COM',NULL,3,1,1),(31,'T10373','OUNI RAJA','RAJA.OUNI@MARQUARDT.COM',NULL,4,1,0),(32,'T10019','BEJAOUI ZOHRA','ZOHRA.BEJAOUI@MARQUARDT.COM',NULL,4,1,0),(33,'T10719','YAKOUBI MOHAMED ALI','MOHAMEDALI.YAKOUBI@MARQUARDT.COM',NULL,4,1,0),(34,'T10863','AKERMI HAMED','HAMED.AKERMI@MARQUARDT.COM',NULL,4,1,0),(35,'T10895','TURKI IMEN','IMEN.TURKI@MARQUARDT.COM',NULL,4,1,0),(36,'T11006','YALLOUL MOHAMED','MOHAMED.YALLOUL@MARQUARDT.COM',NULL,4,1,0),(37,'T11115','KAMMOUN MAISSA','MAISSA.KAMMOUN@MARQUARDT.COM',NULL,4,1,0),(38,'T11120','RHOUMA HELA','HELA.RHOUMA@MARQUARDT.COM',NULL,4,1,0),(39,'T11131','CHOURIA ZOULEIKA','ZOULEIKA.CHOURIA@MARQUARDT.COM',NULL,4,1,0),(40,'T10328','KHADRAOUI FATMA','FATMA.KHADRAOUI@MARQUARDT.COM',NULL,4,1,0),(41,'T11026','SAIDANI HOUSSEM','HOUSSEM.SAIDANI@MARQUARDT.COM',NULL,4,1,0),(42,'T11033','KHALFA ALLALA','ALLALA.KHALFA@MARQUARDT.COM',NULL,4,1,0),(43,'T11088','ABIDI FATEN','FATEN.ABIDI@MARQUARDT.COM',NULL,4,1,0),(44,'T11149','KHEMISSI EMNA','EMNA.KHEMISSI@MARQUARDT.COM',NULL,4,1,0),(45,'MD6231','OUHIBI MAHA','MAHA.OUHIBI@MARQUARDT.COM',NULL,4,1,0),(46,'MD6235','ARGOUBI AWATEF','AWATEF.ARGOUBI@MARQUARDT.COM',NULL,4,1,0),(47,'T10093','KHELIF HATEM','HATEM.KHELIF@MARQUARDT.COM',NULL,4,1,1),(48,'MD4406','NEFZI REFKA','REFKA.NEFZI@MARQUARDT.COM',NULL,4,1,0),(49,'MD5020','BALTI HAYET','HAYET.BALTI@MARQUARDT.COM',NULL,4,1,0),(50,'T10308','TABAI LATIFA','LATIFA.TABAI@MARQUARDT.COM',NULL,4,1,0),(51,'T10318','BEN LAROUSSI BESMA','BESMA.BENLAROUSSI@MARQUARDT.COM',NULL,4,1,0),(52,'T10817','ABDELAOUI AHMED','AHMED.ABDELAOUI@MARQUARDT.COM',NULL,4,1,0),(53,'T11133','HAJ ABDALAH ALYA','ALYA.HAJ ABDALAH@MARQUARDT.COM',NULL,4,1,0),(54,'MD4335','BOUDHINA YAHYA','YAHYA.BOUDHINA@MARQUARDT.COM',NULL,4,1,0),(55,'MD7714','OMAR MOHAMED','MOHAMED.OMAR@MARQUARDT.COM',NULL,4,1,0),(56,'MD9095','DHKILI WAEL','WAEL.DHKILI@MARQUARDT.COM',NULL,4,1,0),(57,'T10112','ETTRI MOHAMED AYMEN','MOHAMEDAYMEN.ETTRI@MARQUARDT.COM',NULL,4,1,0),(58,'MD6245','AKAICHI NIZAR','NIZAR.AKAICHI@MARQUARDT.COM',NULL,4,1,0),(59,'T10097','BAAOUANI LOTFI','LOTFI.BAAOUANI@MARQUARDT.COM',NULL,4,1,0),(60,'T10300','FRIKHA HICHEM','HICHEM.FRIKHA@MARQUARDT.COM',NULL,4,1,0),(61,'T10374','TROUDI FOUED','FOUED.TROUDI@MARQUARDT.COM',NULL,4,1,0),(62,'T10535','ABIDI NIZAR','NIZAR.ABIDI@MARQUARDT.COM',NULL,4,1,0),(63,'T10569','GHAZOUANI SLIM','SLIM.GHAZOUANI@MARQUARDT.COM',NULL,4,1,0),(64,'T10637','SAIDI ABDESSALEM','ABDESSALEM.SAIDI@MARQUARDT.COM',NULL,4,1,0),(65,'T10834','RHIMI FAISAL','FAISAL.RHIMI@MARQUARDT.COM',NULL,4,1,0),(66,'T10056','B LTAIFA NABIL','NABIL.BLTAIFA@MARQUARDT.COM',NULL,4,1,0),(67,'T10088','HAMIDA FADHEL','FADHEL.HAMIDA@MARQUARDT.COM',NULL,4,1,0),(68,'T10171','MANAI Fakher Ibrahim','FAKHERIBRAHIM.MANAI@MARQUARDT.COM',NULL,4,1,0),(69,'T10551','MELKI BILEL','BILEL.MELKI@MARQUARDT.COM',NULL,4,1,0),(70,'T10916','MZOUGHI YASSINE','YASSINE.MZOUGHI@MARQUARDT.COM',NULL,4,1,0),(71,'T10354','CHAOUABI YASSINE','YASSINE.CHAOUABI@MARQUARDT.COM',NULL,4,1,0),(72,'T10894','HAMMAMI MOHAMED','MOHAMED.HAMMAMI@MARQUARDT.COM',NULL,4,1,0),(73,'T11066','SELMI HAIFA','HAIFA.SELMI@MARQUARDT.COM',NULL,4,1,0),(74,'T10071','SEBTI Mohd Karim','MOHDKARIM.SEBTI@MARQUARDT.COM',NULL,4,1,0),(75,'T10442','BEN AMMAR SALMA','SALMA.BENAMMAR@MARQUARDT.COM',NULL,4,1,1),(76,'T10509','DRIDI Mohamed Ali','MOHAMEDALI.DRIDI@MARQUARDT.COM',NULL,4,1,0),(77,'MD8526','AOUADI MAHER','MAHER.AOUADI@MARQUARDT.COM',NULL,4,1,0),(78,'MD6213','ZAOUATI NOZHA','NOZHA.ZAOUATI@MARQUARDT.COM',NULL,4,1,0),(79,'MD7952','MEJRI THOURAYA','THOURAYA.MEJRI@MARQUARDT.COM',NULL,4,1,0),(80,'ME0038','HABOUBI NOUHA','NOUHA.HABOUBI@MARQUARDT.COM',NULL,4,1,0),(81,'T10853','LOUSAIF FADI','FADI.LOUSAIF@MARQUARDT.COM',NULL,4,1,0),(82,'T11111','JADRI NOURHENE','NOURHENE.JADRI@MARQUARDT.COM',NULL,4,1,0),(83,'T10350','MESSAOUDI KHALED','KHALED.MESSAOUDI@MARQUARDT.COM',NULL,4,1,0),(84,'T11146','TRABELSI HAMIDA','HAMIDA.TRABELSI@MARQUARDT.COM',NULL,4,1,0),(85,'MD6164','IRMANI ZIED','ZIED.IRMANI@MARQUARDT.COM',NULL,4,1,0),(86,'MD6499','BOUDHIBA Ibrahim Sabri','IBRAHIMSABRI.BOUDHIBA@MARQUARDT.COM',NULL,4,1,0),(87,'MD8498','MARZOUKI LAMJED','LAMJED.MARZOUKI@MARQUARDT.COM',NULL,4,1,0),(88,'MD8525','MAHDAOUI WALID','WALID.MAHDAOUI@MARQUARDT.COM',NULL,4,1,0),(89,'T10244','TIOUAJNI FAOUZI','FAOUZI.TIOUAJNI@MARQURDT.COM',NULL,4,1,0),(90,'T10390','OUNALLAH YAHIA','YAHIA.OUNALLAH@MARQUARDT.COM',NULL,4,1,0),(91,'T10573','OULED DHIFALLAH AMINE','AMINE.OULEDDHIFALLAH@MARQUARDT.COM',NULL,4,1,0),(92,'T10601','MARWENI EZZEDDINE','EZZEDDINE.MARWENI@MARQUARDT.COM',NULL,4,1,0),(93,'T10854','HAMDI HAMZA','HAMZA.HAMDI@MARQUARDT.COM',NULL,4,1,0),(94,'T11027','BAALOUCH HATEM','HATEM.BAALOUCH@MARQUARDT.COM',NULL,4,1,0),(95,'T11095','NACEUR WISSEM','WISSEM.NACEUR@MARQUARDT.COM',NULL,4,1,0),(96,'T11107','HAMZA TAREK','TAREK.HAMZA@MARQUARDT.COM',NULL,4,1,0),(97,'T11126','BEN KHLIFA MOATAZ','MOATAZ.BENKHLIFA@MARQUARDT.COM',NULL,4,1,0),(98,'T11154','TROUDI AYMEN','AYMEN.TROUDI@MARQUARDT.COM',NULL,4,1,0),(99,'MD6243','BEN KHELIFA ZIED','ZIED.BENKHELIFA@MARQUARDT.COM',NULL,4,1,0),(100,'MD6986','SALLAMI Mohamed Ali','MOHAMEDALI.SALLAMI@MARQUARDT.COM',NULL,4,1,0),(101,'MD7315','MOHAMED SALAH Radhouane','RADHOUANE.MOHAMEDSALAH@MARQUARDT.COM',NULL,4,1,0),(102,'MD8921','CHAOUECH YASSINE','YASSINE.CHAOUECH@MARQUARDT.COM',NULL,4,1,0),(103,'MD8955','OUESLATI HAMDI','HAMDI.OUESLATI@MARQUARDT.COM',NULL,4,1,0),(104,'T10503','JAMAI AYMEN','AYMEN.JAMAI@MARQUARDT.COM',NULL,4,1,0),(105,'T10520','GUIZANI ACHREF','ACHREF.GUIZANI@MARQUARDT.COM',NULL,4,1,0),(106,'T11140','BARDI MOHAMED','MOHAMED.BARDI@MARQUARDT.COM',NULL,4,1,0),(107,'T10973','SGHAIER ONS','ONS.SGHAIER@MARQUARDT.COM',NULL,4,1,0),(108,'T11072','ZARIAT ANIS','ANIS.ZARIAT@MARQUARDT.COM',NULL,4,1,0),(109,'T11080','TRABELSI AMINE','AMINE.TRABELSI@MARQUARDT.COM',NULL,4,1,0),(110,'T11084','RIABI Mohamed Omar','MOHAMEDOMAR.RIABI@MARQUARDT.COM',NULL,4,1,0),(111,'T11129','AMARI RAYAN','RAYAN.AMARI@MARQUARDT.COM',NULL,4,1,0),(112,'T11145','ZNAIDIA MAYSSA','MAYSSA.ZNAIDIA@MARQUARDT.COM',NULL,4,1,0),(113,'T11151','CHAOUCHI RIHAB','RIHAB.CHAOUCHI@MARQUARDT.COM',NULL,4,1,0),(114,'ME0495','BEJAOUI OMAR','OMAR.BEJAOUI@MARQUARDT.COM',NULL,4,1,0),(115,'T10292','ABASSI ABDELAZIZ','ABDELAZIZ.ABASSI@MARQUARDT.COM',NULL,4,1,1),(116,'T10950','MOUELHI IMEN','IMEN.MOUELHI@MARQUARDT.COM',NULL,4,1,0),(117,'T11075','ARFAOUI MOHAMED','MOHAMED.ARFAOUI@MARQUARDT.COM',NULL,4,1,0),(118,'T11137','BEL HAJ FARHAT Hamdi','HAMDI.BELHAJFARHAT@MARQUARDT.COM',NULL,4,1,0),(119,'MD6308','MAAOUI AMIRA','AMIRA.MAAOUI@MARQUARDT.COM',NULL,4,1,0),(120,'MD9240','SALMI MAHER','MAHER.SALMI@MARQUARDT.COM',NULL,4,1,0),(121,'T11073','THAMER JEBRI','JEBRI.THAMER@MARQUARDT.COM',NULL,4,1,0),(122,'T11125','HAOUS SAKAR','SAKAR.HAOUS@MARQUARDT.COM',NULL,4,1,0),(123,'T11082','BALHI NADA','NADA.BALHI@MARQUARDT.COM',NULL,4,1,0),(124,'T11119','BOUSOFFARA SAWSEN','SAWSEN.BOUSOFFARA@MARQUARDT.COM',NULL,4,1,0),(125,'MD6193','DJEBALI CHOKRI','CHOKRI.DJEBALI@MARQUARDT.COM',NULL,4,1,0),(126,'MD6930','KARABAKA YASSER','YASSER.KARABAKA@MARQUARDT.COM',NULL,4,1,0),(127,'MD8621','MEJRI ATEF','ATEF.MEJRI@MARQUARDT.COM',NULL,4,1,0),(128,'MD6137','KRAIEM NABIL','NABIL.KRAIEM@MARQUARDT.COM',NULL,4,1,0),(129,'T10117','FARAH MOHAMED ALI','MOHAMEDALI.FARAH@MARQUARDT.COM',NULL,4,1,0),(130,'T10432','HAMDI MEHER','MEHER.HAMDI@MARQUARDT.COM',NULL,4,1,0),(131,'T10556','KHMIRI MAHMOUD','MAHMOUD.KHMIRI@MARQUARDT.COM',NULL,4,1,0),(132,'T10636','BEN RHAYEM Rochdi','ROCHDI.BENRHAYEM@MARQUARDT.COM',NULL,4,1,0),(133,'T10656','BOUKASSOULA BELGACEM','BELGACEM.BOUKASSOULA@MARQUARDT.COM',NULL,4,1,0),(134,'T11114','YAAKOUBI MALEK','MALEK.YAAKOUBI@MARQUARDT.COM',NULL,4,1,0),(135,'MD6085','BADROUNI ADEL','ADEL.BADROUNI@MARQUARDT.COM',NULL,4,1,0),(136,'MD6238','AKAYCHI MOURAD','MOURAD.AKAYCHI@MARQUARDT.COM',NULL,4,1,0),(137,'MD6626','HARRATH ISSAM','ISSAM.HARRATH@MARQUARDT.COM',NULL,4,1,0),(138,'MD7316','ALOUI HASSEN','HASSEN.ALOUI@MARQUARDT.COM',NULL,4,1,0),(139,'MD8532','REZGUI ATEF','ATEF.REZGUI@MARQUARDT.COM',NULL,4,1,0),(140,'T10089','TOUIL ATEF','ATEF.TOUIL@MARQUARDT.COM',NULL,4,1,0),(141,'T10110','ALOUI BECHIR','BECHIR.ALOUI@MARQUARDT.COM',NULL,4,1,0),(142,'T11012','HAOURI OUSSAMA','OUSSAMA.HAOURI@MARQUARDT.COM',NULL,4,1,0),(143,'T11022','SLAYMIA SAMAH','SAMAH.SLAYMIA@MARQUARDT.COM',NULL,4,1,0),(144,'T11036','LAAMARI SLIM','SLIM.LAAMARI@MARQUARDT.COM',NULL,4,1,0),(145,'T11134','MARZOUK EMNA','EMNA.MARZOUK@MARQUARDT.COM',NULL,4,1,0),(146,'T10366','BEN NAYA Abdelmonem','ABDELMONEM.BENNAYA@MARQUARDT.COM',NULL,4,1,1),(147,'T10382','WERHANI MOUNIRA','MOUNIRA.WERHANI@MARQUARDT.COM',NULL,4,1,0),(148,'T10508','KHALFAOUI ZAHRA','ZAHRA.KHALFAOUI@MARQUARDT.COM',NULL,4,1,0),(149,'MD0033','CHIHI SAMEH','SAMEH.CHIHI@MARQUARDT.COM',NULL,4,1,0),(150,'T10293','BEN FRADJ Manal','MANAL.BENFRADJ@MARQUARDT.COM',NULL,4,1,0),(151,'T10316','AYADI Najoua','NAJOUA.AYADI@MARQUARDT.COM',NULL,4,1,0),(152,'T10751','JBALI Olfa','OLFA.JBALI@MARQUARDT.COM',NULL,4,1,0),(153,'T10962','THEBTI IKBEL','IKBEL.THEBTI@MARQUARDT.COM',NULL,4,1,0),(154,'MD6161','MASSOUDI SAMI','SAMI.MASSOUDI@MARQUARDT.COM',NULL,4,1,0),(155,'MD8637','DJELASSI SOUFIENE','SOUFIENE.DJELASSI@MARQUARDT.COM',NULL,4,1,0),(156,'T10267','MAKHZOUMI ABDELBASSET','ABDELBASSET.MAKHZOUMI@MARQUARDT.COM',NULL,4,1,0),(157,'T10059','BOUJEMAA NADER','NADER.BOUJEMAA@MARQUARDT.COM',NULL,4,1,0),(158,'T10416','GUESMI AHMED','AHMED.GUESMI@MARQUARDT.COM',NULL,4,1,0),(159,'T10548','BOUSLIMI SEIFEDDINE','SEIFEDDINE.BOUSLIMI@MARQUARDT.COM',NULL,4,1,0),(160,'T10769','JEMAI HOUSSEM','HOUSSEM.JEMAI@MARQUARDT.COM',NULL,4,1,0),(161,'T11112','KCHICH ADEL','ADEL.KCHICH@MARQUARDT.COM',NULL,4,1,0),(162,'MD6485','GADRI WALID','WALID.GADRI@MARQUARDT.COM',NULL,4,1,0),(163,'T10049','FRIJA SAMI','SAMI.FRIJA@MARQUARDT.COM',NULL,4,1,0),(164,'T10188','IDOUDI ADNEN','ADNEN.IDOUDI@MARQUARDT.COM',NULL,4,1,0),(165,'T10675','TRABELSI Mohamed Seifiddine','MOHAMEDSEIFEDDINE.TRABELSI@MARQUARDT.COM',NULL,4,1,0),(166,'T10943','KHAMASSI HOUSSINE','HOUSSINE.KHAMASSI@MARQUARDT.COM',NULL,4,1,0),(167,'T10934','MOUELHI DHOUHA','DHOUHA.MOUELHI@MARQUARDT.COM',NULL,4,1,0),(168,'T10081','JEMAI MEHDI','MEHDI.JEMAI@MARQUARDT.COM',NULL,4,1,0),(169,'T10125','ABDELKEFI HATEM','HATEM.ABDELKEFI@MARQUARDT.COM',NULL,4,1,0),(170,'T10152','KHELIFA ICHRAF','ICHRAF.KHELIFA@MARQUARDT.COM',NULL,4,1,1),(171,'T10936','MRABET AHMED','AHMED.MRABET@MARQUARDT.COM',NULL,7,1,0),(172,'T10844','GUESMI MAYSSA','MAYSSA.GUESMI@MARQUARDT.COM',NULL,7,1,0),(173,'MD8278','OTHMANE SABRINE','SABRINE.OTHMANE@MARQUARDT.COM',NULL,7,1,0),(174,'T10086','KHALFAOUI FOURAT','FOURAT.KHALFAOUI@MARQUARDT.COM',NULL,7,1,0),(175,'T10100','ACHICH ZOUBAYER','ZOUBAYER.ACHICH@MARQUARDT.COM',NULL,7,1,0);
/*!40000 ALTER TABLE `resp` ENABLE KEYS */;
UNLOCK TABLES;

--
-- Table structure for table `resp_action`
--

DROP TABLE IF EXISTS `resp_action`;
/*!40101 SET @saved_cs_client     = @@character_set_client */;
/*!50503 SET character_set_client = utf8mb4 */;
CREATE TABLE `resp_action` (
  `resp_id` int(11) NOT NULL,
  `action_id` int(11) NOT NULL,
  PRIMARY KEY (`resp_id`,`action_id`),
  KEY `IDX_BCEA4F05F2EFA634` (`resp_id`),
  KEY `IDX_BCEA4F059D32F035` (`action_id`),
  CONSTRAINT `FK_BCEA4F059D32F035` FOREIGN KEY (`action_id`) REFERENCES `action` (`id`) ON DELETE CASCADE,
  CONSTRAINT `FK_BCEA4F05F2EFA634` FOREIGN KEY (`resp_id`) REFERENCES `resp` (`id`) ON DELETE CASCADE
) ENGINE=InnoDB DEFAULT CHARSET=utf8mb4 COLLATE=utf8mb4_unicode_ci;
/*!40101 SET character_set_client = @saved_cs_client */;

--
-- Dumping data for table `resp_action`
--

LOCK TABLES `resp_action` WRITE;
/*!40000 ALTER TABLE `resp_action` DISABLE KEYS */;
INSERT INTO `resp_action` VALUES (1,11),(1,12),(1,19),(2,11),(2,12),(2,19),(3,6),(3,11),(3,12),(7,7),(7,8),(8,6),(8,7),(8,8),(15,6),(57,9),(57,10),(57,13),(57,14),(57,15),(57,16),(57,17),(57,18),(57,21),(57,22),(57,23);
/*!40000 ALTER TABLE `resp_action` ENABLE KEYS */;
UNLOCK TABLES;

--
-- Table structure for table `section`
--

DROP TABLE IF EXISTS `section`;
/*!40101 SET @saved_cs_client     = @@character_set_client */;
/*!50503 SET character_set_client = utf8mb4 */;
CREATE TABLE `section` (
  `id` int(11) NOT NULL AUTO_INCREMENT,
  `ref` varchar(255) CHARACTER SET utf8mb4 COLLATE utf8mb4_unicode_ci NOT NULL,
  `name` varchar(255) CHARACTER SET utf8mb4 COLLATE utf8mb4_unicode_ci NOT NULL,
  PRIMARY KEY (`id`)
) ENGINE=InnoDB AUTO_INCREMENT=3 DEFAULT CHARSET=utf8mb4 COLLATE=utf8mb4_unicode_ci;
/*!40101 SET character_set_client = @saved_cs_client */;

--
-- Dumping data for table `section`
--

LOCK TABLES `section` WRITE;
/*!40000 ALTER TABLE `section` DISABLE KEYS */;
INSERT INTO `section` VALUES (1,'OP','Operations'),(2,'LO','Logistique');
/*!40000 ALTER TABLE `section` ENABLE KEYS */;
UNLOCK TABLES;

--
-- Table structure for table `unit`
--

DROP TABLE IF EXISTS `unit`;
/*!40101 SET @saved_cs_client     = @@character_set_client */;
/*!50503 SET character_set_client = utf8mb4 */;
CREATE TABLE `unit` (
  `id` int(11) NOT NULL AUTO_INCREMENT,
  `section_id` int(11) DEFAULT NULL,
  `ref` varchar(255) CHARACTER SET utf8mb4 COLLATE utf8mb4_unicode_ci NOT NULL,
  `name` varchar(255) CHARACTER SET utf8mb4 COLLATE utf8mb4_unicode_ci NOT NULL,
  PRIMARY KEY (`id`),
  KEY `IDX_DCBB0C53D823E37A` (`section_id`),
  CONSTRAINT `FK_DCBB0C53D823E37A` FOREIGN KEY (`section_id`) REFERENCES `section` (`id`)
) ENGINE=InnoDB AUTO_INCREMENT=8 DEFAULT CHARSET=utf8mb4 COLLATE=utf8mb4_unicode_ci;
/*!40101 SET character_set_client = @saved_cs_client */;

--
-- Dumping data for table `unit`
--

LOCK TABLES `unit` WRITE;
/*!40000 ALTER TABLE `unit` DISABLE KEYS */;
INSERT INTO `unit` VALUES (1,1,'OPT7','Electronics'),(2,1,'OPT9','Molding'),(3,1,'OPH1','Automotive'),(4,1,'OPM','Power Tools & Snap action Switches'),(5,2,'LO','Logistics'),(6,1,'ALL','ALL'),(7,1,'OPT','Maint');
/*!40000 ALTER TABLE `unit` ENABLE KEYS */;
UNLOCK TABLES;

--
-- Table structure for table `user`
--

DROP TABLE IF EXISTS `user`;
/*!40101 SET @saved_cs_client     = @@character_set_client */;
/*!50503 SET character_set_client = utf8mb4 */;
CREATE TABLE `user` (
  `id` int(11) NOT NULL AUTO_INCREMENT,
  `email` varchar(180) CHARACTER SET utf8mb4 COLLATE utf8mb4_unicode_ci NOT NULL,
  `roles` json NOT NULL,
  `password` varchar(255) CHARACTER SET utf8mb4 COLLATE utf8mb4_unicode_ci NOT NULL,
  PRIMARY KEY (`id`),
  UNIQUE KEY `UNIQ_8D93D649E7927C74` (`email`)
) ENGINE=InnoDB DEFAULT CHARSET=utf8mb4 COLLATE=utf8mb4_unicode_ci;
/*!40101 SET character_set_client = @saved_cs_client */;

--
-- Dumping data for table `user`
--

LOCK TABLES `user` WRITE;
/*!40000 ALTER TABLE `user` DISABLE KEYS */;
/*!40000 ALTER TABLE `user` ENABLE KEYS */;
UNLOCK TABLES;

--
-- Table structure for table `waste`
--

DROP TABLE IF EXISTS `waste`;
/*!40101 SET @saved_cs_client     = @@character_set_client */;
/*!50503 SET character_set_client = utf8mb4 */;
CREATE TABLE `waste` (
  `id` int(11) NOT NULL AUTO_INCREMENT,
  `type` varchar(255) CHARACTER SET utf8mb4 COLLATE utf8mb4_unicode_ci NOT NULL,
  PRIMARY KEY (`id`)
) ENGINE=InnoDB AUTO_INCREMENT=10 DEFAULT CHARSET=utf8mb4 COLLATE=utf8mb4_unicode_ci;
/*!40101 SET character_set_client = @saved_cs_client */;

--
-- Dumping data for table `waste`
--

LOCK TABLES `waste` WRITE;
/*!40000 ALTER TABLE `waste` DISABLE KEYS */;
INSERT INTO `waste` VALUES (1,'Deviation'),(2,'Sécurité'),(3,'Retouches /Rebuts'),(4,'Mouvements inutiles'),(5,'Attentes'),(6,'Stock'),(7,'Process surdimensionné'),(8,'Surproduction'),(9,'Transport');
/*!40000 ALTER TABLE `waste` ENABLE KEYS */;
UNLOCK TABLES;

--
-- Table structure for table `waste_action`
--

DROP TABLE IF EXISTS `waste_action`;
/*!40101 SET @saved_cs_client     = @@character_set_client */;
/*!50503 SET character_set_client = utf8mb4 */;
CREATE TABLE `waste_action` (
  `waste_id` int(11) NOT NULL,
  `action_id` int(11) NOT NULL,
  PRIMARY KEY (`waste_id`,`action_id`),
  KEY `IDX_B1F4511EFA6A22C2` (`waste_id`),
  KEY `IDX_B1F4511E9D32F035` (`action_id`),
  CONSTRAINT `FK_B1F4511E9D32F035` FOREIGN KEY (`action_id`) REFERENCES `action` (`id`) ON DELETE CASCADE,
  CONSTRAINT `FK_B1F4511EFA6A22C2` FOREIGN KEY (`waste_id`) REFERENCES `waste` (`id`) ON DELETE CASCADE
) ENGINE=InnoDB DEFAULT CHARSET=utf8mb4 COLLATE=utf8mb4_unicode_ci;
/*!40101 SET character_set_client = @saved_cs_client */;

--
-- Dumping data for table `waste_action`
--

LOCK TABLES `waste_action` WRITE;
/*!40000 ALTER TABLE `waste_action` DISABLE KEYS */;
INSERT INTO `waste_action` VALUES (1,32),(1,33),(1,34),(3,31);
/*!40000 ALTER TABLE `waste_action` ENABLE KEYS */;
UNLOCK TABLES;
/*!40103 SET TIME_ZONE=@OLD_TIME_ZONE */;

/*!40101 SET SQL_MODE=@OLD_SQL_MODE */;
/*!40014 SET FOREIGN_KEY_CHECKS=@OLD_FOREIGN_KEY_CHECKS */;
/*!40014 SET UNIQUE_CHECKS=@OLD_UNIQUE_CHECKS */;
/*!40101 SET CHARACTER_SET_CLIENT=@OLD_CHARACTER_SET_CLIENT */;
/*!40101 SET CHARACTER_SET_RESULTS=@OLD_CHARACTER_SET_RESULTS */;
/*!40101 SET COLLATION_CONNECTION=@OLD_COLLATION_CONNECTION */;
/*!40111 SET SQL_NOTES=@OLD_SQL_NOTES */;

-- Dump completed on 2022-05-25 12:41:31
